titulo	numero_expediente	tipo_contrato	estado_licitacion	importe_licitacion	valor_estimado_contrato	fecha_limite_presentacion	organo_contratacion	enlace	codigo_cpv	procedimiento_contratacion	forma_presentacion	duracion_contrato	financiacion_ue	fecha_formalizacion	lugar_ejecucion	sistema_contratacion	tramitacion	descripcion	pdf	fuente	fecha_proceso	topicos_lda	clasificacion	palabras_tecnologicas_detectadas	palabras_descartadas_detectadas
MANTENIMIENTO PREVENTIVO Y CORRECTIVO DE 36 ASCENSORES EN POLIGONO SUR	CONTR 2025 0000388313	Servicios	Publicada	180000.0	198000.0	2025-06-30	Agencia de Vivienda y Rehabilitación de Andalucía (AVRA)	https://www.juntadeandalucia.es/haciendayadministracionpublica/apl/pdc-front-publico/perfiles-licitaciones/detalle-licitacion?idExpediente=830938	42000000-6 Maquinaria industrial50750000-7 Servicios de mantenimiento de ascensores	Abierto	Electrónica	24 meses	NotFound	2100-12-31	(código NUTS) ES618 - SevillaSevilla	NotFound	Ordinario	MANTENIMIENTO PREVENTIVO Y CORRECTIVO DE 36 ASCENSORES DE LOS EDIFICIOS DE VIVIENDAS (19 EDIF. DE UN ASCENSOR Y 8 EDIF. DE DOS ASCENSORES CADA UNO) GRUPOS SE-0902 Y SE-0903 EN LA BDA MARTÍNEZ MONTAÑÉS DE POLÍGONO SUR DE SEVILLA. EXPTE G3 2025/000692	and_pliego_prescripciones_307868.pdf	Andalucía	2025-07-10	mantenimiento, servicio, adjudicatario, instalación, trabajo, contrato, ascensor, edificio, empresa, elemento (1.0)	Tecnológica	tecnologia	rehabilitacion, reparacion, limpieza, seguro, obra_civil
00116/ISE/2025/JA.DESTINO ALCAUDETE Y MARTOS. DESTINO ALCAUDETE Y MARTOS. R	CONTR 2025 0000399768	Servicios	Publicada	37445.76	44934.91	2025-07-03	Agencia Pública Andaluza de Educación	https://www.juntadeandalucia.es/haciendayadministracionpublica/apl/pdc-front-publico/perfiles-licitaciones/detalle-licitacion?idExpediente=831473	60130000-8 Servicios especiales de transporte de pasajeros por carretera	Abierto simplificado abreviado	Electrónica	Ver lotes	NotFound	2100-12-31	(código NUTS) ES616 - JaénJaén	NotFound	Ordinario	00116/ISE/2025/JA-SERVICIO TRANSPORTE ESCOLAR EN LOS CENTROS DOCENTES PÚBLICOS DE LA PROVINCIA DE JAÉN DEPENDIENTES DE LA CONSEJERÍA DE DESARROLLO EDUCATIVO Y FORMACIÓN PROFESIONAL DE LA JUNTA DE ANDALUCÍA CON ORIGEN DE FINANCIACIÓN EN FONDOS EUROPEOS. DE	and_pliego_prescripciones_309134.pdf	Andalucía	2025-07-10	transporte, servicio, escolar, centro, educacion, contrato, vehiculo, decreto, adjudicatario, contratacion (1.0)	Tecnológica	datos	limpieza, desinfeccion, transporte_escolar, seguro, poliza
00115/ISE/2025/JA DESTINO ARJONA. RUTAS LAHIGUERA-ESCAÑUELA-ARJONILLA)	CONTR 2025 0000399759	Servicios	Publicada	31365.18	37638.22	2025-07-03	Agencia Pública Andaluza de Educación	https://www.juntadeandalucia.es/haciendayadministracionpublica/apl/pdc-front-publico/perfiles-licitaciones/detalle-licitacion?idExpediente=831472	60130000-8 Servicios especiales de transporte de pasajeros por carretera	Abierto simplificado abreviado	Electrónica	Ver lotes	NotFound	2100-12-31	(código NUTS) ES616 - JaénJaén	NotFound	Ordinario	00115/ISE/2025/JA-SERVICIO TRANSPORTE ESCOLAR EN LOS CENTROS DOCENTES PÚBLICOS DE LA PROVINCIA DE JAÉN DEPENDIENTES DE LA CONSEJERÍA DE DESARROLLO EDUCATIVO Y FORMACIÓN PROFESIONAL DE LA JUNTA DE ANDALUCÍA CON ORIGEN DE FINANCIACIÓN EN FONDOS EUROPEOS. DE	and_pliego_prescripciones_309127.pdf	Andalucía	2025-07-10	transporte, servicio, escolar, centro, educacion, contrato, vehiculo, adjudicatario, decreto, contratacion (1.0)	Tecnológica	datos	limpieza, desinfeccion, transporte_escolar, seguro, poliza
101/24 CONCIERTO SOCIAL SERVICIO DE ATENCIÓN TEMPRANA EN ALMERÍA	CONTR 2024 0000519453	Administrativo especial	Publicada	10728208.32	23602058.3	2025-06-30	Consejería de Salud y Consumo. Secretaría General Técnica	https://www.juntadeandalucia.es/haciendayadministracionpublica/apl/pdc-front-publico/perfiles-licitaciones/detalle-licitacion?idExpediente=732377	85100000-0 Servicios de salud	Abierto	Electrónica	Ver lotes	NotFound	2100-12-31	(código NUTS) ES611 - AlmeríaAlmería	NotFound	Ordinario	PRESTACIÓN DEL SERVICIO DE ATENCIÓN TEMPRANA EN LA PROVINCIA DE ALMERÍA	and_pliego_prescripciones_304814.pdf	Andalucía	2025-07-10	persona, atencion, cait, servicio, familia, intervencion, sesión, individualizado, plan, salud (1.0)	No tecnológica		rehabilitacion
106/24 CONCIERTO SOCIAL SERVICIO ATENCIÓN TEMPRANA EN JAÉN	CONTR 2024 0000528795	Administrativo especial	Publicada	5764712.64	12682367.81	2025-06-30	Consejería de Salud y Consumo. Secretaría General Técnica	https://www.juntadeandalucia.es/haciendayadministracionpublica/apl/pdc-front-publico/perfiles-licitaciones/detalle-licitacion?idExpediente=732414	85100000-0 Servicios de salud	Abierto	Electrónica	Ver lotes	NotFound	2100-12-31	(código NUTS) ES616 - JaénJaén	NotFound	Ordinario	PRESTACIÓN DEL SERVICIO DE ATENCIÓN TEMPRANA EN LA PROVINCIA DE JAÉN	and_pliego_prescripciones_304762.pdf	Andalucía	2025-07-10	persona, atencion, cait, servicio, familia, sesión, intervencion, individualizado, plan, salud (1.0)	No tecnológica		rehabilitacion
102/24 CONCIERTO SOCIAL SERVICIO ATENCIÓN TEMPRANA EN CÁDIZ	CONTR 2024 0000524042	Administrativo especial	Publicada	16333834.56	35934436.03	2025-06-30	Consejería de Salud y Consumo. Secretaría General Técnica	https://www.juntadeandalucia.es/haciendayadministracionpublica/apl/pdc-front-publico/perfiles-licitaciones/detalle-licitacion?idExpediente=732385	85100000-0 Servicios de salud	Abierto	Electrónica	Ver lotes	NotFound	2100-12-31	(código NUTS) ES612 - CádizCádiz	NotFound	Ordinario	PRESTACIÓN DEL SERVICIO DE ATENCIÓN TEMPRANA EN LA PROVINCIA DE CÁDIZ	and_pliego_prescripciones_304558.pdf	Andalucía	2025-07-10	persona, atencion, cait, servicio, familia, intervencion, sesión, individualizado, plan, salud (1.0)	No tecnológica		rehabilitacion
105/24 CONCIERTO SOCIAL SERVICIO ATENCIÓN TEMPRANA EN HUELVA	CONTR 2024 0000525100	Administrativo especial	Publicada	5333733.12	11734212.86	2025-06-30	Consejería de Salud y Consumo. Secretaría General Técnica	https://www.juntadeandalucia.es/haciendayadministracionpublica/apl/pdc-front-publico/perfiles-licitaciones/detalle-licitacion?idExpediente=732408	85100000-0 Servicios de salud	Abierto	Electrónica	Ver lotes	NotFound	2100-12-31	(código NUTS) ES615 - HuelvaHuelva	NotFound	Ordinario	PRESTACIÓN DEL SERVICIO DE ATENCIÓN TEMPRANA EN LA PROVINCIA DE HUELVA	and_pliego_prescripciones_304751.pdf	Andalucía	2025-07-10	persona, atencion, cait, servicio, familia, intervencion, sesión, individualizado, plan, salud (1.0)	No tecnológica		rehabilitacion
Obras de adecuación de locales e instalaciones para archivo central de EPGASA en el edificio S-3.	2025070004	Obras	Publicada	85682.74	85682.74	2025-07-23	Empresa Pública de Gestión de Activos, S.A. M.P.	https://www.juntadeandalucia.es/haciendayadministracionpublica/apl/pdc-front-publico/perfiles-licitaciones/detalle-licitacion?idExpediente=833240	45343000-3 Trabajos de instalación de dispositivos de protección contra incendios45343210-8 Trabajos de instalación de dispositivos de extinción de incendios con CO2	Abierto	Electrónica	2 meses	NotFound	2100-12-31	(código NUTS) ES618 - SevillaSevilla	NotFound	Ordinario	Obras de adecuación de locales e instalaciones para archivo central de EPGASA en el edificio S-3.	and_pliego_prescripciones_314378.pdf	Andalucía	2025-07-10	acceso, vespucio, cartuja, tecno, fecha, sgssevillatecnossgscom, email, tecnologico, parque, camerico (1.0)	Tecnológica	tecnologia, nube	reparacion, limpieza, bar, alimentacion, mobiliario
00073/ISE/2025/HU SERVICIO TRANSPORTE ESCOLAR (HU0004)(HU0019)(HU0165)	CONTR 2025 0000407429	Servicios	Publicada	54993.84	54993.84	2025-07-09	Agencia Pública Andaluza de Educación	https://www.juntadeandalucia.es/haciendayadministracionpublica/apl/pdc-front-publico/perfiles-licitaciones/detalle-licitacion?idExpediente=831909	60130000-8 Servicios especiales de transporte de pasajeros por carretera	Abierto simplificado abreviado	Electrónica	Ver lotes	NotFound	2100-12-31	(código NUTS) ES615 - HuelvaHuelva	NotFound	Ordinario	00073/ISE/2025/HU SERVICIO TRANSPORTE ESCOLAR (HU0004 Andévalo 05 - El Cerro de Andévalo y La Zarza)(HU0019 Condado 03 - Moguer (IES))(HU0165 ANEAE Costa 19 - Ayamonte)	and_pliego_prescripciones_310146.pdf	Andalucía	2025-07-10	transporte, servicio, escolar, centro, contrato, educacion, vehiculo, adjudicatario, decreto, contratacion (1.0)	Tecnológica	datos	limpieza, desinfeccion, transporte_escolar, seguro, poliza
00081/ISE/2025/HU SERVICIO TRANSPORTE ESCOLAR HU0045	CONTR 2025 0000409496	Servicios	Publicada	45367.56	45367.56	2025-07-09	Agencia Pública Andaluza de Educación	https://www.juntadeandalucia.es/haciendayadministracionpublica/apl/pdc-front-publico/perfiles-licitaciones/detalle-licitacion?idExpediente=831915	60130000-8 Servicios especiales de transporte de pasajeros por carretera	Abierto simplificado abreviado	Electrónica	3 meses	NotFound	2100-12-31	(código NUTS) ES615 - HuelvaHuelva	NotFound	Ordinario	00081/ISE/2025/HU SERVICIO TRANSPORTE ESCOLAR HU0045 Costa 09 - Lepe (IES)	and_pliego_prescripciones_310195.pdf	Andalucía	2025-07-10	transporte, servicio, escolar, centro, contrato, educacion, vehiculo, adjudicatario, decreto, contratacion (1.0)	Tecnológica	datos	limpieza, desinfeccion, transporte_escolar, seguro, poliza
00068/ISE/2025/HU SERVICIO TRANSPORTE ESCOLAR	CONTR 2025 0000407246	Servicios	Publicada	56612.64	56612.64	2025-07-09	Agencia Pública Andaluza de Educación	https://www.juntadeandalucia.es/haciendayadministracionpublica/apl/pdc-front-publico/perfiles-licitaciones/detalle-licitacion?idExpediente=831904	60130000-8 Servicios especiales de transporte de pasajeros por carretera	Abierto simplificado abreviado	Electrónica	Ver lotes	NotFound	2100-12-31	(código NUTS) ES615 - HuelvaHuelva	NotFound	Ordinario	00068/ISE/2025/HU SERVICIO TRANSPORTE ESCOLAR (HU0029 Condado 13 - Moguer (CEIP))(HU0020 Condado 04 - Bonares (Lucena del Puerto))	and_pliego_prescripciones_310135.pdf	Andalucía	2025-07-10	transporte, servicio, escolar, centro, contrato, educacion, vehiculo, adjudicatario, decreto, contratacion (1.0)	Tecnológica	datos	limpieza, desinfeccion, transporte_escolar, seguro, poliza
0064/ISE/2025/HU-SERVICIO TRANSPORTE ESCOLAR PROVINCIA DE HUELVA FFEE	CONTR 2025 0000389790	Servicios	Publicada	14554424.4	32019733.68	2025-07-14	Agencia Pública Andaluza de Educación	https://www.juntadeandalucia.es/haciendayadministracionpublica/apl/pdc-front-publico/perfiles-licitaciones/detalle-licitacion?idExpediente=830809	60130000-8 Servicios especiales de transporte de pasajeros por carretera	Abierto	Electrónica	Ver lotes	NotFound	2100-12-31	(código NUTS) ES615 - HuelvaHuelva	NotFound	Ordinario	00064/ISE/2025/HU SERVICIO TRANSPORTE ESCOLAR EN LOS CENTROS DOCENTES PÚBLICOS DE LA PROVINCIA DE HUELVA DEPENDIENTES DE LA CONSEJERÍA DE DESARROLLO EDUCATIVO Y FORMACIÓN PROFESIONAL,CON ORIGEN EN FINANCIACIÓN EN FONDOS EUROPEOS	and_pliego_prescripciones_307427.pdf	Andalucía	2025-07-10	transporte, servicio, escolar, contrato, vehiculo, centro, trayecto, vehicu él, adjudicatario, educacion (1.0)	No tecnológica		reparacion, limpieza, desinfeccion, transporte_escolar, vehiculos, seguro, poliza
0000391/2025 SUMINISTRO DE MATERIAL DEL SUBGRUPO 01.24, 01.05 Y 02.00 MATERIAL ESPECIFICO DE LABORATORIO PARA LOS CENTROS SANITARIOS VINCULADOS A LA CENTRAL PROVINCIAL DE COMPRAS DE LA PROVINCIA DE JAÉN	CONTR 2025 0000372695	Suministros	Publicada	5490759.85	9151266.41	2025-07-03	Servicio Andaluz de Salud	https://www.juntadeandalucia.es/haciendayadministracionpublica/apl/pdc-front-publico/perfiles-licitaciones/detalle-licitacion?idExpediente=829658	24900000-3 Productos químicos puros y otros productos químicos33000000-0 Equipamiento y artículos médicos, farmacéuticos y de higiene personal33141000-0 Productos consumibles médicos no químicos desechables y productos consumibles hematológicos	Abierto	Electrónica	Ver lotes	NotFound	2100-12-31	(código NUTS) ES616 - JaénJaén	NotFound	Ordinario	SUMINISTRO DE MATERIAL DEL SUBGRUPO 01.24, 01.05 Y 02.00 MATERIAL ESPECIFICO DE LABORATORIO PARA LOS CENTROS SANITARIOS VINCULADOS A LA CENTRAL PROVINCIAL DE COMPRAS DE LA PROVINCIA DE JAÉN	and_pliego_prescripciones_304036.pdf	Andalucía	2025-07-10	material, tubo, plastico, tapon, vacio, perforable, sangre, extraccion, laboratorio, vidrio (1.0)	No tecnológica		alimentacion, seguro
Suministro de productos de alimentación para el CRPM Heliópolis	CONTR 2025 0000362599	Suministros	Publicada	1344597.02	2958113.44	2025-07-17	Delegación Territorial de Inclusión Social, Juventud, Familias e Igualdad en Sevilla	https://www.juntadeandalucia.es/haciendayadministracionpublica/apl/pdc-front-publico/perfiles-licitaciones/detalle-licitacion?idExpediente=830102	15000000-8 Alimentos, bebidas, tabaco y productos afines	Abierto	Electrónica	Ver lotes	NotFound	2100-12-31	(código NUTS) ES618 - SevillaSevilla	NotFound	Ordinario	Suministro de productos de alimentación para el CRPM Heliópolis	and_pliego_prescripciones_305626.pdf	Andalucía	2025-07-10	producto, lote, consumo, suministro, transporte, coronel, condición, cava, luisa, centro (1.0)	Tecnológica	crm	limpieza, desinfeccion, pan, comida, alimentacion, inclusion_social, seguro
Organización de evento de networking para los proyectos agroalimentarios beneficiarios dentro del proyecto Agropyme Avanza AAA en el marco de cooperación Interreg V A España - Portugal 2021-2027 (POCTEP)	2025/046	Servicios	Publicada	4132.23	4132.23	2025-06-24	Fundación Pública Andaluza Andalucía Emprende (en transición)	https://www.juntadeandalucia.es/haciendayadministracionpublica/apl/pdc-front-publico/perfiles-licitaciones/detalle-licitacion?idExpediente=830353	79952000-2 Servicios de eventos	Abierto simplificado	Electrónica	5 meses	NotFound	2100-12-31	(código NUTS) ES618 - SevillaSevilla	NotFound	Ordinario	Organización de evento de networking para los proyectos agroalimentarios beneficiarios dentro del proyecto Agropyme Avanza AAA en el marco de cooperación Interreg V A España - Portugal 2021-2027 (POCTEP)	and_pliego_prescripciones_306100.pdf	Andalucía	2025-07-10	andalucia, proyecto, emprender, evento, codigo, servicio, trabajo, documento, verificacion, persona (1.0)	No tecnológica		limpieza, catering, mobiliario, eventos
CONTRATACIÓN DE LA PRESTACIÓN DE SERVICIOS DE APOYO A LA MIGRACIÓN DE CONTENIDOS Y PRUEBAS DE LAS PLATAFORMAS WWW.ANDALUCIA.ORG, NAC.ANDALUCIA.ORG Y MEDIA.ANDALUCIA.ORG 2025.	C101-13MR-0525-0042	Servicios	Publicada	21487.6	21487.6	2025-07-18	Empresa Pública para la Gestión del Turismo y el Deporte de Andalucía, S.A.	https://www.juntadeandalucia.es/haciendayadministracionpublica/apl/pdc-front-publico/perfiles-licitaciones/detalle-licitacion?idExpediente=832316	71356300-1 Servicios de apoyo técnico	Abierto	Electrónica	6 meses	NotFound	2100-12-31	(código NUTS) ES617 - MálagaMálaga	NotFound	Ordinario	CONTRATACIÓN DE LA PRESTACIÓN DE SERVICIOS DE APOYO A LA MIGRACIÓN DE CONTENIDOS Y PRUEBAS DE LAS PLATAFORMAS WWW.ANDALUCIA.ORG, NAC.ANDALUCIA.ORG Y MEDIA.ANDALUCIA.ORG 2025.	and_pliego_prescripciones_311563.pdf	Andalucía	2025-07-10	sistema, andalucia, servicio, seguridad, gestion, dato, epgtda, informacion, adjudicatario, junto (1.0)	Tecnológica	software, tecnologia, nube, ciberseguridad	infraestructura, limpieza, eventos, seguro
P.B. Y  ESS OBRAS CONSERVACION Y MANTENIMIENTO 12 BLQ-70VP CUEVAS ALMANZORA	CONTR 2025 0000425554	Servicios	Publicada	40000.0	40000.0	2025-07-07	Agencia de Vivienda y Rehabilitación de Andalucía (AVRA)	https://www.juntadeandalucia.es/haciendayadministracionpublica/apl/pdc-front-publico/perfiles-licitaciones/detalle-licitacion?idExpediente=831644	71240000-2 Servicios de arquitectura, ingeniería y planificación	Abierto simplificado	Electrónica	2 meses	NotFound	2100-12-31	(código NUTS) ES611 - AlmeríaAlmería	NotFound	Ordinario	REDACCIÓN DE PROYECTO BÁSICO Y DE EJECUCIÓN Y ESTUDIO DE SEGURIDAD Y SALUD, PARA OBRAS DE CONSERVACIÓN Y MANTENIMIENTO EN 12 BLOQUES DE 70 VIVIENDAS SITOS EN C/ SRA. VIRGEN DEL CARMEN DEL GRUPO ¿EL REALENGO I¿ AL-0913 EN CUEVAS DEL ALMANZORA (ALMERÍA).	and_pliego_prescripciones_309456.pdf	Andalucía	2025-07-10	proyecto, ejecucion, obra, estudio, seguridad, basico, vivienda, redaccion, contrato, edificio (1.0)	No tecnológica		rehabilitacion, infraestructura, jardineria, mobiliario, fotovoltaica
083/ISE/2025/SE SERV TRANS ESC VEHÍC MÁS 9 PZAS CENT DOC PUB PROV SEVILLA	CONTR 2025 0000349967	Servicios	Publicada	25746312.36	56641887.2	2025-07-23	Agencia Pública Andaluza de Educación	https://www.juntadeandalucia.es/haciendayadministracionpublica/apl/pdc-front-publico/perfiles-licitaciones/detalle-licitacion?idExpediente=830471	60130000-8 Servicios especiales de transporte de pasajeros por carretera	Abierto	Electrónica	Ver lotes	NotFound	2100-12-31	(código NUTS) ES618 - SevillaSevilla	NotFound	Ordinario	083/ISE/2025/SE CONTRATACIÓN DEL SERVICIO TRANSPORTE ESCOLAR CON VEHÍCULOS DE MAS DE 9 PLAZAS EN LOS CENTROS DOCENTES PÚBLICOS DE LA PROVINCIA DE MÁLAGA DEPENDIENTES DE LA CONSEJERÍA DE DESARROLLO EDUCATIVO Y FORMACIÓN PROFESIONAL DE LA JUNTA DE ANDALUCÍA	and_pliego_prescripciones_306844.pdf	Andalucía	2025-07-10	educativo, escolar, fse, acceso, necesidad, igualdad, union, social, especial, cofinanciado (0.9900000095367432)	No tecnológica		transporte_escolar
CONTRATO DE SERVICIO INTEGRAL DE CUSTODIA DE FONDOS DOCUMENTALES	CONTR 2025 0000402319	Servicios	Publicada	85968.42	102302.42	2025-07-14	Delegación Territorial de Economía, Hacienda, Fondos Europeos y de Industria, Energía y Minas en Cádiz	https://www.juntadeandalucia.es/haciendayadministracionpublica/apl/pdc-front-publico/perfiles-licitaciones/detalle-licitacion?idExpediente=832323	92512000-3 Servicios de archivos	Abierto simplificado	Electrónica	24 meses	NotFound	2100-12-31	(código NUTS) ES612 - CádizCádiz	NotFound	Ordinario	CONTRATO DE SERVICIO INTEGRAL DE CUSTODIA DE FONDOS DOCUMENTALES DE LA DT ECONOMIA, HACIENDA, FFEE Y DE INDUSTRIA, ENERGIA Y MINAS EN CADIZ	and_pliego_prescripciones_311751.pdf	Andalucía	2025-07-10	adjudicatario, contrato, delegacion, servicio, documentacion, territorial, personal, entidad, fondo, custodiar (1.0)	Tecnológica	datos	desinfeccion, seguro
48_25SC Desmontaje, traslado y montaje de edificio prefabricado 04000122	CONTR 2025 0000293074	Servicios	Publicada	71000.0	71000.0	2025-06-26	Agencia Pública Andaluza de Educación	https://www.juntadeandalucia.es/haciendayadministracionpublica/apl/pdc-front-publico/perfiles-licitaciones/detalle-licitacion?idExpediente=830386	45223800-4 Montaje e instalación de estructuras prefabricadas	Abierto simplificado	Electrónica	12 meses	NotFound	2100-12-31	(código NUTS) ES611 - AlmeríaAlmería	NotFound	Ordinario	48_25SC Servicio de desmontaje, traslado y montaje de un edificio modular prefabricado con destino al 04000122 IES San Isidro, de San Isidro de Níjar	and_pliego_prescripciones_306250.pdf	Andalucía	2025-07-10	prefabricado, pagina, educativo, agencia, edificio, centro, modular, contratista, educacion, andaluz (1.0)	No tecnológica		reparacion, infraestructura, limpieza, seguro
CONTRATACIÓN MIXTA POR EL SERVICIO ANDALUZ DE SALUD DE LAS OBRAS DEL NUEVO HOSPITAL DE MÁLAGA Y LA CONCESIÓN DE LAS OBRAS Y EXPLOTACIÓN DE LOS APARCAMIENTOS MEDIANTE PROCEDIMIENTOABIERTO Y FINANCIADO CON FONDOS EUROPEOS. CC.0003/2025 (Nº SIGLO 109/2025)	CONTR 2025 0000378906	Obras	Publicada	502079283.08	679631626.0	2025-08-01	Servicio Andaluz de Salud	https://www.juntadeandalucia.es/haciendayadministracionpublica/apl/pdc-front-publico/perfiles-licitaciones/detalle-licitacion?idExpediente=816136	45215100-8 Trabajos de construcción de edificios relacionados con la salud98351000-8 Servicios de gestión de aparcamientos	Abierto	Electrónica	75 meses	NotFound	2100-12-31	(código NUTS) ES617 - MálagaMálaga	NotFound	Ordinario	CONTRATACIÓN MIXTA POR EL SERVICIO ANDALUZ DE SALUD DE LAS OBRAS DEL NUEVO HOSPITAL DE MÁLAGA Y LA CONCESIÓN DE LAS OBRAS Y EXPLOTACIÓN DE LOS APARCAMIENTOS MEDIANTE PROCEDIMIENTO ABIERTO Y FINANCIADO CON FONDOS EUROPEOS	and_pliego_prescripciones_300004.pdf	Andalucía	2025-07-10	aparcamiento, servicio, adjudicatario, obra, concesion, instalación, salud, deberar, hospital, andaluz (1.0)	No tecnológica		reparacion, infraestructura, limpieza, desratizacion, desinfeccion, desinsectacion, alimentacion, vehiculos, mobiliario, seguro, poliza
APROVECHAMIENTO FORESTAL DE VARIOS RECURSOS EN MONTES DOMINIO PCO.CÁDIZ	CONTR 2025 0000477848	Administrativo especial	Publicada	388373.53	388373.53	2025-07-30	Delegación Territorial de Sostenibilidad y Medio Ambiente en Cádiz	https://www.juntadeandalucia.es/haciendayadministracionpublica/apl/pdc-front-publico/perfiles-licitaciones/detalle-licitacion?idExpediente=833628	03400000-4 Productos de la silvicultura y de la explotación forestal	Abierto	Electrónica	Ver lotes	NotFound	2100-12-31	(código NUTS) ES612 - CádizCádiz	NotFound	Ordinario	APROVECHAMIENTO FORESTAL DE VARIOS RECURSOS EN MONTES DE DOMINIO PÚBLICO DE LA PROVINCIA DE CÁDIZ 2025	and_pliego_prescripciones_315114.pdf	Andalucía	2025-07-10	aprovechamiento, empresa, contratista, trabajo, cadiz, consejerio, territorial, delegacion, trabajador, riesgo (1.0)	No tecnológica		reparacion, seguro
PANTALÁN PARA EMBARCACIONES MENORES PUERTO DE CARBONERAS	CONTR 2025 0000382461	Obras	Publicada	270669.54	297736.49	2025-07-07	Agencia Pública de Puertos de Andalucía (APPA)	https://www.juntadeandalucia.es/haciendayadministracionpublica/apl/pdc-front-publico/perfiles-licitaciones/detalle-licitacion?idExpediente=830417	45242200-7 Trabajos de construcción de puertos deportivos	Abierto	Electrónica	4 meses	NotFound	2100-12-31	(código NUTS) ES611 - AlmeríaAlmería	NotFound	Ordinario	PANTALÁN PARA EMBARCACIONES MENORES FRENTE A CUARTO DE ARMADORES EN EL PUERTO DE CARBONERAS	and_pliego_prescripciones_306333.pdf	Andalucía	2025-07-10	obra, contrato, tecnica, expediente, pliego, valle, puerto, prescripción, carbonera, cuarto (1.0)	No tecnológica		obra_civil
63/ISE/2025/GR SERVICIO TRANSPORTE ESCOLAR VEHÍCULOS + 9 PLAZAS EN GRANADA	CONTR 2025 0000382899	Servicios	Publicada	30260082.48	66572181.46	2025-07-22	Agencia Pública Andaluza de Educación	https://www.juntadeandalucia.es/haciendayadministracionpublica/apl/pdc-front-publico/perfiles-licitaciones/detalle-licitacion?idExpediente=830549	60130000-8 Servicios especiales de transporte de pasajeros por carretera	Abierto	Electrónica	Ver lotes	NotFound	2100-12-31	(código NUTS) ES614 - GranadaGranada	NotFound	Ordinario	63/ISE/2025/GR SERVICIO TRANSPORTE ESCOLAR CON VEHÍCULOS DE MAS DE 9 PLAZAS EN LOS CENTROS DOCENTES PÚBLICOS DE LA PROVINCIA DE GRANADA DEPENDIENTES DE LA CONSEJERÍA DE DESARROLLO EDUCATIVO Y FORMACIÓN PROFESIONAL DE LA JUNTA DE ANDALUCÍA (CON ORIGEN DE F	and_pliego_prescripciones_306749.pdf	Andalucía	2025-07-10	transporte, servicio, escolar, contrato, vehiculo, centro, trayecto, adjudicatario, vehicu él, educacion (1.0)	No tecnológica		reparacion, limpieza, desinfeccion, transporte_escolar, vehiculos, seguro, poliza
SERVICIO DE LIMPIEZA DEL MUSEO DE HUELVA 25-27	CONTR 2025 0000385429	Servicios	Publicada	40073.74	88162.23	2025-07-24	Delegación Territorial de Turismo, Cultura y Deporte en Huelva	https://www.juntadeandalucia.es/haciendayadministracionpublica/apl/pdc-front-publico/perfiles-licitaciones/detalle-licitacion?idExpediente=833631	90911200-8 Servicios de limpieza de edificios	Abierto simplificado	Electrónica	24 meses	NotFound	2100-12-31	(código NUTS) ES615 - HuelvaHuelva	NotFound	Ordinario	SERVICIO DE LIMPIEZA DEL MUSEO DE HUELVA 25-27	and_pliego_prescripciones_315065.pdf	Andalucía	2025-07-10	limpieza, contrato, huelva, museo, empresa, adjudicatario, servicio, producto, limpiezar, trabajo (1.0)	No tecnológica		limpieza, desinfeccion, mobiliario
SUMINISTRO DE ZAHONES ANTICORTE	CONTR 2025 0000224629	Suministros	Publicada	34500.0	34500.0	2025-07-03	Agencia de Medio Ambiente y Agua de Andalucía	https://www.juntadeandalucia.es/haciendayadministracionpublica/apl/pdc-front-publico/perfiles-licitaciones/detalle-licitacion?idExpediente=831179	35113400-3 Ropa de protección y de seguridad	Abierto simplificado	Electrónica	12 meses	NotFound	2100-12-31	(código NUTS) ES61 - AndalucíaSevillaGranada	NotFound	Ordinario	SUMINISTRO DE ZAHONES ANTICORTE	and_pliego_prescripciones_309790.pdf	Andalucía	2025-07-10	trabajo, riesgo, empresa, agencia, prevencion, actividad, trabajador, laboral, seguridad, disponer (1.0)	No tecnológica		reparacion, limpieza, desinfeccion, seguro
0069/ISE/2025/CA-SERVICIO TRANSPORTE ESCOLAR MAS DE 9 PLAZAS CADIZ FE	CONTR 2025 0000246994	Servicios	Publicada	23315677.76	51294491.07	2025-07-07	Agencia Pública Andaluza de Educación	https://www.juntadeandalucia.es/haciendayadministracionpublica/apl/pdc-front-publico/perfiles-licitaciones/detalle-licitacion?idExpediente=830472	60130000-8 Servicios especiales de transporte de pasajeros por carretera	Abierto	Electrónica	Ver lotes	NotFound	2100-12-31	(código NUTS) ES612 - CádizCádiz	NotFound	Ordinario	SERVICIO DE TRANSPORTE ESCOLAR EN LOS CENTROS DOCENTES PUBLICOS DEPENDIENTES DE LA CONSEJERÍA DE EDUCACIÓN Y FORMACIÓN PROFESIONAL, CON ORIGEN EN FINANCIACIÓN EN FONDOS EUROPEOS	and_pliego_prescripciones_306564.pdf	Andalucía	2025-07-10	transporte, servicio, escolar, vehiculo, contrato, centro, trayecto, verificacion, adjudicatario, vehicu él (1.0)	No tecnológica		reparacion, limpieza, desinfeccion, transporte_escolar, vehiculos, seguro, poliza
00109/ISE/2025/AL CONTRATACIÓN DEL SERVICIO TRANSPORTE ESCOLAR EN ALMERIA	CONTR 2025 0000392491	Servicios	Publicada	16379.52	19655.42	2025-06-30	Agencia Pública Andaluza de Educación	https://www.juntadeandalucia.es/haciendayadministracionpublica/apl/pdc-front-publico/perfiles-licitaciones/detalle-licitacion?idExpediente=830921	60130000-8 Servicios especiales de transporte de pasajeros por carretera	Abierto simplificado abreviado	Electrónica	3 meses	NotFound	2100-12-31	(código NUTS) ES611 - AlmeríaAlmería	NotFound	Ordinario	00109/ISE/2025/AL CONTRATACIÓN DEL SERVICIO TRANSPORTE ESCOLAR EN LOS CENTROS DOCENTES PÚBLICOS DE LA PROVINCIA DE ALMERIA DEPENDIENTES DE LA CONSEJERÍA DE DESARROLLO EDUCATIVO Y FORMACIÓN PROFESIONAL DE LA JUNTA DE ANDALUCÍA CON ORIGEN DE FINANCIACIÓN EN	and_pliego_prescripciones_307838.pdf	Andalucía	2025-07-10	transporte, servicio, escolar, centro, contrato, educacion, vehiculo, decreto, adjudicatario, contratacion (1.0)	Tecnológica	datos	limpieza, desinfeccion, transporte_escolar, seguro, poliza
00108/ISE/2025/AL CONTRATACIÓN DEL SERVICIO TRANSPORTE ESCOLAR EN ALMERIA	CONTR 2025 0000392489	Servicios	Publicada	25689.12	30826.94	2025-06-27	Agencia Pública Andaluza de Educación	https://www.juntadeandalucia.es/haciendayadministracionpublica/apl/pdc-front-publico/perfiles-licitaciones/detalle-licitacion?idExpediente=830829	60130000-8 Servicios especiales de transporte de pasajeros por carretera	Abierto simplificado abreviado	Electrónica	3 meses	NotFound	2100-12-31	(código NUTS) ES611 - AlmeríaAlmería	NotFound	Ordinario	00108/ISE/2025/AL CONTRATACIÓN DEL SERVICIO TRANSPORTE ESCOLAR EN LOS CENTROS DOCENTES PÚBLICOS DE LA PROVINCIA DE ALMERIA DEPENDIENTES DE LA CONSEJERÍA DE DESARROLLO EDUCATIVO Y FORMACIÓN PROFESIONAL DE LA JUNTA DE ANDALUCÍA CON ORIGEN DE FINANCIACIÓN EN	and_pliego_prescripciones_307505.pdf	Andalucía	2025-07-10	transporte, servicio, escolar, centro, educacion, contrato, vehiculo, adjudicatario, decreto, contratacion (1.0)	Tecnológica	datos	limpieza, desinfeccion, transporte_escolar, seguro, poliza
Prestación de atención a emergencias sanitarias	CONTR 2025 0000228010	Servicios	Publicada	162142.04	286450.94	2025-06-25	Consorcio Parque de las Ciencias en Granada	https://www.juntadeandalucia.es/haciendayadministracionpublica/apl/pdc-front-publico/perfiles-licitaciones/detalle-licitacion?idExpediente=829961	80561000-4 Servicios de formación en materia de salud85100000-0 Servicios de salud85140000-2 Servicios varios de salud	Abierto	Electrónica	36 meses	NotFound	2100-12-31	(código NUTS) ES614 - GranadaGranada	NotFound	Ordinario	Contrato para la prestación de atención a emergencias sanitarias de cobertura a los visitantes y trabajadores del Museo en el Parque de las Ciencias	and_pliego_prescripciones_304958.pdf	Andalucía	2025-07-10	servicio, granada, ciencia, parque, consorcio, sanitario, cpc, personal, materia, contrato (1.0)	No tecnológica		infraestructura, mobiliario, vestuario, eventos
Seguro de responsabilidad civil de autoridades, altos cargos y personal al servicio de las Administración Pública para el Ayuntamiento de Torremolinos	12199/2025	Privado	Publicada	10500.0	42000.0	2025-07-24	Concejalía Delegada en Materia de Contratación del Ayuntamiento de Torremolinos	https://contrataciondelestado.es/wps/poc?uri=deeplink:detalle_licitacion&idEvl=j1I7kqH%2BgCH9pbnDwlaUlg%3D%3D	66510000-Servicios de seguros.	Abierto simplificado	Electrónica	NotFound	No hay financiación con fondos de la UE	2100-12-31	España - Málaga	No aplica	Ordinaria	Seguro de responsabilidad civil de autoridades, altos cargos y personal al servicio de las Administración Pública para el Ayuntamiento de Torremolinos	esp_pliego_prescripciones_20250710_061658.pdf	España	2025-07-10	torremolino, contrato, seguro, contratacion, ayuntamiento, eur, postal, ano, servicio, direccion (1.0)	No tecnológica		seguro
Refuerzo de la Red de Saneamiento en Carretera Puente Genil, entre La Senda y Camino Los Negros. Herrera (Sevilla).	1392/2025	"Obras
Construcción"	Publicada	118906.14	118906.14	2025-07-30	Alcaldía del Ayuntamiento de Herrera	https://contrataciondelestado.es/wps/poc?uri=deeplink:detalle_licitacion&idEvl=olKkoUiw%2BdbXOjazN1Dw9Q%3D%3D	45232410-Obras de saneamiento., 45000000-Trabajos de construcción.	Abierto simplificado	Manual	NotFound	No hay financiación con fondos de la UE	2100-12-31	España - Sevilla - Herrera	No aplica	Ordinaria	Refuerzo de la Red de Saneamiento en Carretera Puente Genil, entre La Senda y Camino Los Negros. Herrera (Sevilla).	esp_pliego_prescripciones_20250710_061703.pdf	España	2025-07-10	herrera, electronico, contrato, constitucion, avda, oferta, direccion, espana, plazo, ejecucion (1.0)	N/S		
"Contrato de obras de ""Rehabilitación energética del edificio municipal El Chopo de Campohermoso""."	8628/2025	"Obras
Construcción"	Publicada	1378398.67	1378398.67	2025-07-30	Alcaldía del Ayuntamiento de Níjar	https://contrataciondelestado.es/wps/poc?uri=deeplink:detalle_licitacion&idEvl=D82pS498GNpJ8Trn0ZPzLw%3D%3D	45453100-Trabajos de reacondicionamiento., 45211350-Trabajos de construcción de inmuebles multifuncionales., 45454100-Trabajos de restauración.	Abierto simplificado	Electrónica	NotFound	Asociado al Plan de Recuperación, Transformación y Resiliencia	2100-12-31	España - Almería	No aplica	Ordinaria	"Contrato de obras  de ""Rehabilitación energética del edificio municipal El Chopo de Campohermoso""."	esp_pliego_prescripciones_20250710_061707.pdf	España	2025-07-10	electronico, oferta, nijar, contrato, criterio, plazo, direccion, postal, eur, trabajo (1.0)	No tecnológica		rehabilitacion
El objeto de este contrato es el suministro para la actualización de las licencias de software de infraestructura utilizadas para la realización de copias de seguridad de los datos en los Centros de Procesamiento de Datos, que se utilizará para el nuevo sistema de becas del Centro de Estudio Jurídicos.	2025/CT023TC	"Suministros
Adquisición"	Publicada	56500.75	56500.75	2025-07-19	NotFound	https://contrataciondelestado.es/wps/poc?uri=deeplink:detalle_licitacion&idEvl=F0cplFCc%2FuYXhk1FZxEyvw%3D%3D	48000000-Paquetes de software y sistemas de información.	Restringido	Electrónica	NotFound	No hay financiación con fondos de la UE	2100-12-31	España - Madrid	Contrato basado en un Sistema Dinámico de Adquisición	Ordinaria	El objeto de este contrato es el suministro para la actualización de las licencias de software de infraestructura utilizadas para la realización de copias de seguridad de los datos en los Centros de Procesamiento de Datos, que se utilizará para el nuevo sistema de becas del Centro de Estudio Jurídicos.	esp_pliego_prescripciones_20250710_061711.pdf	España	2025-07-10	contrato, oferta, electronico, centro, direccion, sistema, juridico, estudio, eur, dato (1.0)	Tecnológica	software	
L’objecte del contracte és el subministrament d’un (1) vehicle tipus Pick Up en modalitat de renting sense opció a compra.	12/2025	Suministros	Publicada	33600.0	33600.0	2025-07-31	Gestió Integral d'Aigües de Catalunya, SA	https://contrataciondelestado.es/wps/poc?uri=deeplink:detalle_licitacion&idEvl=6HqmTq7lVbzua%2Fi14w%2FPLA%3D%3D	34100000 Vehículos de motor.	Otros	Electrónica	NotFound	No hay financiación con fondos de la UE	2100-12-31	España - Cataluña	No aplica	Ordinaria	L’objecte del contracte és el subministrament d’un (1) vehicle tipus Pick Up en modalitat de renting sense opció a compra.	esp_pliego_prescripciones_20250710_061736.pdf	España	2025-07-10	catalunya, contracte, daigues, integral, gestio, licitacio, per, amb, contractacio, muralla (1.0)	N/S		
Jornadas divulgativas, formativas e informativas, sobre temáticas vinculadas al ámbito de actuación de las mutuas colaboradoras con la seguridad social	N202500358	"Servicios
Servicios de educación y formación profesional"	Publicada	55125.0	220500.0	2025-07-28	Dirección General de la Mutual Midat Cyclops, Mutua Colaboradora con la Seguridad Social, nº 1	https://contrataciondelestado.es/wps/poc?uri=deeplink:detalle_licitacion&idEvl=aai%2FEDt9sxReKgd8LfVV9g%3D%3D	80500000-Servicios de formación.	Abierto	Electrónica	NotFound	No hay financiación con fondos de la UE	2100-12-31	España - Barcelona - Barcelona	No aplica	Ordinaria	Jornadas divulgativas, formativas e informativas, sobre temáticas vinculadas al ámbito de actuación de las mutuas colaboradoras con la seguridad social	esp_pliego_prescripciones_20250710_061740.pdf	España	2025-07-10	direccion, barcelona, criterio, eur, cantidad, seguridad, social, subentidad, contrato, licitacion (1.0)	N/S		
Servicio de organización de 8 mercados de producto de proximidad(curso academico 25-26)	SE/21/25	"Servicios
Otros servicios"	Publicada	15000.0	60000.0	2025-07-25	Rectorado de la Universidad Jaume I	https://contrataciondelestado.es/wps/poc?uri=deeplink:detalle_licitacion&idEvl=QfO4lL0ZXMi8ebB%2FXTwy0A%3D%3D	79952000-Servicios de eventos.	Abierto simplificado	Electrónica	NotFound	No hay financiación con fondos de la UE	2100-12-31	España - Castellón/Castelló	No aplica	Ordinaria	Servicio de organización de 8 mercados de producto de proximidad(curso academico 25-26)	esp_pliego_prescripciones_20250710_061744.pdf	España	2025-07-10	contrato, electronico, oferta, ejecucion, postal, servicio, contratacion, direccion, sitio, web (1.0)	N/S		
Contratación anticipada del Servicio de recogida de papel-cartón y transporte a reciclador autorizado en diversos municipios de La Rioja (Zona Rioja Alta y Media)	76-7-2.01-0013/2025	Servicios	Publicada	2040000.0	3034800.0	2025-08-11	Consorcio de Aguas y Residuos de La Rioja	https://contrataciondelestado.es/wps/poc?uri=deeplink:detalle_licitacion&idEvl=rf4L8cr9dLx6nTs9LZ9RhQ%3D%3D	90511400 Servicios de recogida de papel.	Abierto	Electrónica	NotFound	No hay financiación con fondos de la UE	2100-12-31	España - La Rioja	No aplica	Ordinaria	Contratación anticipada del Servicio de recogida de papel-cartón y transporte a reciclador autorizado en diversos municipios de La Rioja (Zona Rioja Alta y Media)	NotFound	España	2025-07-10	Sin tema	N/S		
Contrato de suministro de marquesinas autobús escolar	872/2025 BIS	"Suministros
Adquisición"	Publicada	7564.08	7564.08	2025-07-24	Alcaldía del Ayuntamiento de Náquera	https://contrataciondelestado.es/wps/poc?uri=deeplink:detalle_licitacion&idEvl=bdDmgxiVyLYS7pcxhTeWOg%3D%3D	44212321-Marquesinas para paradas de autobús.	Abierto simplificado	Electrónica	NotFound	No hay financiación con fondos de la UE	2100-12-31	España - Valencia/València - Náquera	No aplica	Ordinaria	Contrato de suministro de marquesinas autobús escolar	esp_pliego_prescripciones_20250710_061832.pdf	España	2025-07-10	naquera, ayuntamiento, contrato, electronico, oferta, plaza, postal, marquesina, presentacion, direccion (1.0)	N/S		
Servicio para la Impartición de Formación en idioma inglés para personal de ENAIRE	DNA 179/2025	"Servicios
Servicios de educación y formación profesional"	Publicada	50090.0	250450.0	2025-07-28	Dirección Económico-Financiera de ENAIRE	https://contrataciondelestado.es/wps/poc?uri=deeplink:detalle_licitacion&idEvl=IXPvBeLbFWaGCFcHcNGIlQ%3D%3D	80580000-Provisión de cursos de idiomas.	Abierto	Electrónica	NotFound	No hay financiación con fondos de la UE	2100-12-31	España - Madrid	No aplica	Ordinaria	Servicio para la Impartición de Formación en idioma inglés para personal de ENAIRE	esp_pliego_prescripciones_20250710_061836.pdf	España	2025-07-10	lote, oferta, clausula, pliego, eur, particular, descripcion, contrato, madrid, direccion (1.0)	N/S		
L’objecte del present document es la definició de les característiques tècniques d’un vehicle tipus furgoneta i d’una plataforma elevadora autopropulsada destinats a donar suport per a les funcions de la brigada municipal de Vilanova d’Escornalbou.	4316710007-2025-0000199	Suministros	Publicada	75206.61	91000.0	2025-07-25	Ajuntament de Vilanova d'Escornalbou	https://contrataciondelestado.es/wps/poc?uri=deeplink:detalle_licitacion&idEvl=g0b%2BNhWjDvvCfVQHDepjGQ%3D%3D	34144900 Vehículos eléctricos.	Otros	Electrónica	NotFound	No hay financiación con fondos de la UE	2100-12-31	España - Tarragona	No aplica	Ordinaria	L’objecte del present document es la definició de les característiques tècniques d’un vehicle tipus furgoneta i d’una plataforma elevadora autopropulsada destinats a donar suport per a les funcions de la brigada municipal de Vilanova d’Escornalbou.	esp_pliego_prescripciones_20250710_061909.pdf	España	2025-07-10	per, contracte, amb, lempresa, emprés, dels, contractista, vilanova, contractacio, descornalbou (1.0)	N/S		
Contrato de obras de rehabilitación del frontón-polideportivo municipal Larrebieta de Uharte Arakil	3059_42/2025_I	Obras	Publicada	119036.26	119036.26	2025-07-24	Alcalde del Ayuntamiento de Uharte Arakil	https://contrataciondelestado.es/wps/poc?uri=deeplink:detalle_licitacion&idEvl=40pn25kQU41xseVhcqrkhw%3D%3D	45261000 Trabajos de construcción de cubiertas y estructuras de cerramiento, y trabajos conexos.	Abierto	Electrónica	NotFound	No hay financiación con fondos de la UE	2100-12-31	España - Navarra	No aplica	Ordinaria	Contrato de obras de rehabilitación del frontón-polideportivo municipal Larrebieta de Uharte Arakil	NotFound	España	2025-07-10	Sin tema	No tecnológica		obras, contrato_de_obras
00116/ise/2025/ja.destino alcaudete y martos. destino alcaudete y martos. r	CONTR 2025 0000399768	Servicios	Publicada	37445.76	44934.91	2025-07-03	Agencia Pública Andaluza de Educación	https://contrataciondelestado.es/wps/poc?uri=deeplink:detalle_licitacion&idEvl=hcXAdkze7atxseVhcqrkhw%3D%3D	60130000 Servicios especiales de transporte de pasajeros por carretera.	Abierto simplificado	Electrónica	NotFound	Otros Fondos Europeos	2100-12-31	España - Jaén	No aplica	Ordinaria	00116/ise/2025/ja.destino alcaudete y martos. destino alcaudete y martos. r	NotFound	España	2025-07-10	Sin tema	N/S		
Ejecución de las obras correspondientes al proyecto de revegetación y protección del frente litoral para mitigar los efectos adversos del cambio climático en playa del cable, Motril.	OBR/ABR/CONTRATACION2025000025	"Obras
Otros acabados de edificios y obras"	Publicada	74380.16	74380.16	2025-08-04	Alcaldia del Ayuntamiento de Motril	https://contrataciondelestado.es/wps/poc?uri=deeplink:detalle_licitacion&idEvl=3GOb1hd7CtVSYrkJkLlFdw%3D%3D	45112000-Trabajos de excavación y movimiento de tierras., 45112712-Trabajos de paisajismo en jardines., 65000000-Servicios públicos., 65111000-Distribución de agua potable.	Abierto	Electrónica	NotFound	No hay financiación con fondos de la UE	2100-12-31	España - Granada	No aplica	Ordinaria	Ejecución de las obras correspondientes al proyecto de revegetación y protección del frente litoral para mitigar los efectos adversos del cambio climático en playa del cable, Motril.	esp_pliego_prescripciones_20250710_062041.pdf	España	2025-07-10	motril, cantidad, criterio, ejecucion, tecnico, contrato, oferta, electronico, minimo, subtipo (1.0)	No tecnológica		eventos
L’objecte del contracte és el servei de gestió i confecció de nòmines mitjançant l’aplicació SIGEP, gestió laboral i assessorament tècnic en matèria de personal de l’Ajuntament de Cassà de la Selva. En el servei s’hi inclou l’assessorament i suport al servei de RH de l’Ajuntament en matèria de personal, així com la gestió administrativa laboral (nòmines, documents de cotització i declaracions tributàries).	X2025002819	Servicios	Publicada	58320.0	93312.0	2025-07-24	Ajuntament de Cassà de la Selva	https://contrataciondelestado.es/wps/poc?uri=deeplink:detalle_licitacion&idEvl=jB%2BWUv1Zv2qsNfRW6APEDw%3D%3D	79414000 Servicios de consultoría en gestión de recursos humanos.	Abierto simplificado	Electrónica	NotFound	No hay financiación con fondos de la UE	2100-12-31	España - Girona	No aplica	Ordinaria	"L’objecte del contracte és el servei de gestió i confecció de nòmines mitjançant l’aplicació SIGEP, gestió laboral i assessorament tècnic en matèria de personal de l’Ajuntament de Cassà de la Selva.
En el servei s’hi inclou l’assessorament i suport al servei de RH de l’Ajuntament en matèria de personal, així com la gestió administrativa laboral (nòmines, documents de cotització i declaracions tributàries)."	esp_pliego_prescripciones_20250710_062106.pdf	España	2025-07-10	selva, contracte, licitacio, cassa, procediment, amb, condicions, gestio, juliol, llei (1.0)	N/S		
Contrato mixto de suministro y servicio para la implantación del sistema de telelectura de contadores de agua en el municipio de Llanera financiado por la Unión Europea– NEXTGENERATION EU	3591/2025	"Suministros
Adquisición"	Publicada	935000.0	935000.0	2025-08-08	Concejalía Delegada de Hacienda, Contratación, Personal y Modernización Administrativa del Ayuntamiento de Llanera	https://contrataciondelestado.es/wps/poc?uri=deeplink:detalle_licitacion&idEvl=DRyLDJ8LSooZDGvgaZEVxQ%3D%3D	38421100-Contadores de agua., 32412100-Red de telecomunicaciones., 50411100-Servicios de reparación y mantenimiento de contadores de agua.	Abierto	Electrónica	NotFound	Asociado al Plan de Recuperación, Transformación y Resiliencia	2100-12-31	España - Asturias - Posada de Llanera	No aplica	Ordinaria	Contrato mixto de suministro y servicio para la implantación del sistema de telelectura de contadores de agua en el municipio de Llanera financiado por la Unión Europea– NEXTGENERATION EU	esp_pliego_prescripciones_20250710_062110.pdf	España	2025-07-10	electronico, contrato, llanera, contratacion, agua, licitacion, oferta, servicio, postal, ejecucion (1.0)	No tecnológica		reparacion, infraestructura
Gestión del servicio y mantenimiento de residencia de mayores San Francisco del Ayuntamiento de Santa Cruz del Retamar	180/2025	Concesión de Servicios	Publicada	2719595.52	2719595.52	2025-07-29	Pleno del Ayuntamiento de Santa Cruz del Retamar	https://contrataciondelestado.es/wps/poc?uri=deeplink:detalle_licitacion&idEvl=54FPZ5SnzNdSYrkJkLlFdw%3D%3D	85311100-Servicios de bienestar social proporcionados a ancianos.	Abierto	Electrónica	NotFound	No hay financiación con fondos de la UE	2100-12-31	España - Toledo - Santa Cruz del Retamar	No aplica	Ordinaria	Gestión del servicio y mantenimiento de residencia de mayores San Francisco del Ayuntamiento de Santa Cruz del Retamar	esp_pliego_prescripciones_20250710_062114.pdf	España	2025-07-10	retamar, cruz, santa, criterio, contrato, cantidad, oferta, servicio, ejecucion, eur (1.0)	No tecnológica		seguro
Explotación del Bar Cafetería del Centro Social	38/2025	Privado	Publicada	1800.0	5400.0	2025-07-23	Alcaldía del Ayuntamiento de Málaga del Fresno	https://contrataciondelestado.es/wps/poc?uri=deeplink:detalle_licitacion&idEvl=Y%2FUACHCo26uGCFcHcNGIlQ%3D%3D	55100000-Servicios de hostelería., 55410000-Servicios de gestión de bares.	Abierto	Manual	NotFound	No hay financiación con fondos de la UE	2100-12-31	España - Guadalajara - Málaga del fresno	No aplica	Ordinaria	Explotación del Bar Cafetería del Centro Social	esp_pliego_prescripciones_20250710_062118.pdf	España	2025-07-10	malaga, oferta, fresno, criterio, contrato, documentacion, pliego, eur, bar, economico (1.0)	No tecnológica		pan, bar
L'objecte del contracte és l'assistència tècnica per a l'elaboració de l'estratègia per a la internacionalització de l'economia catalana 2026-2030 amb l'objectiu d'impulsar, des de la col·laboració públic-privada, l'adaptació del teixit empresarial català al nou paradigma del comerç internacional, marcat per la creixent influència de la geopolítica, la fragmentació dels mercats i el repunt del proteccionisme. Aquesta estratègia ha de servir per intensificar el grau d'internacionalització de l'empresa catalana i reforçar la seva competitivitat en un entorn global en transformació. El pla ha de ser el resultat d'un procés de debat i consens amb els principals agents econòmics i socials, i ha d'establir un full de ruta compartit que orienti tant les polítiques públiques com les actuacions de les entitats dedicades a promoure la internacionalització empresarial. Aquest alineament estratègic serà clau per assolir els objectius comuns d'internacionalització del teixit empresarial de Catalunya i garantir una acció coordinada i efectiva.	ACCIO-2025-42	Servicios	Publicada	95000.0	95000.0	2025-07-24	Agència per a la Competitivitat de l'Empresa, ACCIÓ	https://contrataciondelestado.es/wps/poc?uri=deeplink:detalle_licitacion&idEvl=LY4w63AEBaz%2B3JAijKO%2Bkg%3D%3D	79411000 Servicios generales de consultoría en gestión.	Abierto simplificado	Electrónica	NotFound	No hay financiación con fondos de la UE	2100-12-31	España - Cataluña	No aplica	Ordinaria	"L'objecte del contracte és l'assistència tècnica per a l'elaboració de l'estratègia per a la internacionalització de l'economia catalana 2026-2030 amb l'objectiu d'impulsar, des de la col·laboració públic-privada, l'adaptació del teixit empresarial català al nou paradigma del comerç internacional, marcat per la creixent influència de la geopolítica, la fragmentació dels mercats i el repunt del proteccionisme. Aquesta estratègia ha de servir per intensificar el grau d'internacionalització de l'empresa catalana i reforçar la seva competitivitat en un entorn global en transformació.
El pla ha de ser el resultat d'un procés de debat i consens amb els principals agents econòmics i socials, i ha d'establir un full de ruta compartit que orienti tant les polítiques públiques com les actuacions de les entitats dedicades a promoure la internacionalització empresarial. Aquest alineament estratègic serà clau per assolir els objectius comuns d'internacionalització del teixit empresarial de Catalunya i garantir una acció coordinada i efectiva."	esp_pliego_prescripciones_20250710_062143.pdf	España	2025-07-10	dad, per, amb, tractament, accio, escrit, sev, informacio, linformar, drets (1.0)	N/S		
Consisteix en el canvi de les lluiminàries ubicades als nuclis de Sant Esteve de Llémena (Sant Esteve i Sant Cebrià) i de Sant Aniol de Finestres. Subministrament de lluminàrties LEDs per substituir les del tipus VSAP (vapor de sodi), VMCC (vapor de mercuri) i HM (halògens) dels quadres indicats.	X2025000099	Obras	Publicada	32817.0	32817.0	2025-07-17	Ajuntament de Sant Aniol de Finestres	https://contrataciondelestado.es/wps/poc?uri=deeplink:detalle_licitacion&idEvl=%2FMAFxhMA5FbECtSnloz%2BZQ%3D%3D	34928510 Farolas para el alumbrado de calles., 45316000 Trabajos de instalación de sistemas de alumbrado y señalización.	Otros	Electrónica	NotFound	No hay financiación con fondos de la UE	2100-12-31	España - Girona	No aplica	Ordinaria	Consisteix en el canvi de les lluiminàries ubicades als nuclis de Sant Esteve de Llémena (Sant Esteve i Sant Cebrià) i de Sant Aniol de Finestres. Subministrament de lluminàrties LEDs per substituir les del tipus VSAP (vapor de sodi), VMCC (vapor de mercuri) i HM (halògens) dels quadres indicats.	esp_pliego_prescripciones_20250710_062208.pdf	España	2025-07-10	per, sant, document, amb, procediment, dels, dadjudicacio, aniol, esteve, lcsp (1.0)	N/S		
(2025/497) Execució de les obres del “Projecte per a la climatització i ventilació de l’escola Sant Esteve de Valls de Torruella”	2025/0021529	Obras	Publicada	299433.64	299433.64	2025-07-29	Ajuntament de Sant Mateu de Bages	https://contrataciondelestado.es/wps/poc?uri=deeplink:detalle_licitacion&idEvl=%2FMAFxhMA5FZxseVhcqrkhw%3D%3D	45331200 Trabajos de instalación de ventilación y aire acondicionado.	Abierto simplificado	Electrónica	NotFound	No hay financiación con fondos de la UE	2100-12-31	España - Barcelona	No aplica	Ordinaria	(2025/497) Execució de les obres del “Projecte per a la climatització i ventilació de l’escola Sant Esteve de Valls de Torruella”	esp_pliego_prescripciones_20250710_062241.pdf	España	2025-07-10	amb, contractacio, sant, lexpedient, per, obres, pressupost, inclo, dacord, mateu (1.0)	N/S		
"Servicio de comunicación del Consorcio para la gestión de los residuos sólidos urbanos del Baix Vinalopó""."	56/2025	"Servicios
Otros servicios"	Publicada	61983.47	61983.47	2025-07-28	Presidencia del Consorcio para la Gestión de los Residuos Sólidos Urbanos del Baix Vinalopó	https://contrataciondelestado.es/wps/poc?uri=deeplink:detalle_licitacion&idEvl=HR%2F45D6EVSDE6P%2FuLemXRw%3D%3D	79342200-Servicios de promoción.	Abierto	Electrónica	NotFound	No hay financiación con fondos de la UE	2100-12-31	España - Alicante/Alacant - Alicante	No aplica	Ordinaria	"Servicio de comunicación del Consorcio para la gestión de los residuos sólidos urbanos del Baix Vinalopó""."	NotFound	España	2025-07-10	Sin tema	N/S		
Contratación para la concertación con entidades financieras de una operación de crédito (préstamo) a corto plazo, para atender la adquisición de varios vehículos para MODUS ROTA.	P 1/2025	Privado	Publicada	532400.0	532400.0	2025-07-21	Consejo de Administración de Movilidad y Desarrollo Urbano Sostenible, S.L., (MODUS ROTA)	https://contrataciondelestado.es/wps/poc?uri=deeplink:detalle_licitacion&idEvl=ckg2Tond6cJSYrkJkLlFdw%3D%3D	66110000-Servicios bancarios., 66113000-Servicios de concesión de crédito.	Abierto	Electrónica	NotFound	No hay financiación con fondos de la UE	2100-12-31	España - Cádiz	No aplica	Ordinaria	Contratación para la concertación con entidades financieras de una operación de crédito (préstamo) a corto plazo, para atender la adquisición de varios vehículos para MODUS ROTA.	esp_pliego_prescripciones_20250710_062309.pdf	España	2025-07-10	oferta, electronico, plazo, anexo, contrato, documentacion, administrativo, credito, licitacion, modus (1.0)	No tecnológica		eventos
Servicio de hosting, mantenimiento y actualización de la página web www.dondevanmisimpuestos.eibar.eus	2025051EI	Servicios	Publicada	4950.0	19800.0	2025-07-24	Ayuntamiento de Eibar-Alcalde del Ayuntamiento de Eibar	https://contrataciondelestado.es/wps/poc?uri=deeplink:detalle_licitacion&idEvl=uQ6sHNvlP5I%2Bk2oCbDosIw%3D%3D	72267000 Servicios de mantenimiento y reparación de software.	Abierto	Electrónica	NotFound	No hay financiación con fondos de la UE	2100-12-31	España - Gipuzkoa	No aplica	Ordinaria	Servicio de hosting, mantenimiento y actualización de la página web www.dondevanmisimpuestos.eibar.eus	esp_pliego_prescripciones_20250710_062335.pdf	España	2025-07-10	eta, ayuntamiento, eibar, dar, eibarko, programa, documento, deberar, presupuesto, csv (1.0)	Tecnológica	software, tecnologia, servidores, hosting	infraestructura
Renov. abas. sta. luzia barreiatua 3 - ezkio	90137023	Obras	Publicada	63357.64	63357.64	2025-08-04	Gipuzkoako Urak-Director Gerente	https://contrataciondelestado.es/wps/poc?uri=deeplink:detalle_licitacion&idEvl=uQ6sHNvlP5IwYTJJ03sHog%3D%3D	45232430 Obras para el tratamiento de agua.	Abierto simplificado	Electrónica	NotFound	No hay financiación con fondos de la UE	2100-12-31	España - Gipuzkoa	No aplica	Ordinaria	Renov. abas. sta. luzia barreiatua 3 - ezkio	esp_pliego_prescripciones_20250710_062401.pdf	España	2025-07-10	eta, dar, obra, edo, contrato, contratista, gipuzkoako, beharko, dirar, izango (1.0)	No tecnológica		reparacion, limpieza, seguro, poliza
servicios especializados para la asistencia técnica y de comunicación al Área de Vivienda	2025CONSER00008 ASISTVIVIENDA	Servicios	Publicada	60000.0	60000.0	2025-07-23	OAL Viviendas Municipales de Bilbao-Presidente	https://contrataciondelestado.es/wps/poc?uri=deeplink:detalle_licitacion&idEvl=Ej8sepHElaItm4eBPtV6eQ%3D%3D	79400000 Servicios de consultoría comercial y de gestión y servicios afines.	Abierto	Electrónica	NotFound	No hay financiación con fondos de la UE	2100-12-31	España - Bizkaia	No aplica	Ordinaria	servicios especializados para la asistencia técnica y de comunicación al Área de Vivienda	esp_pliego_prescripciones_20250710_062426.pdf	España	2025-07-10	contrato, bilbao, contratista, contratacion, plazo, vivienda, municipal, oal, ejecucion, administracion (1.0)	Tecnológica	datos	reparacion, inclusion_social, seguro, poliza
Suministro de productos de merchandising para la promoción turística de Castilla-La Mancha.	2025/007063	"Suministros
Adquisición"	Publicada	160766.0	385838.4	2025-08-19	Secretaría General de la Consejería de Economía, Empresas y Empleo de la Junta de Comunidades de Castilla-La Mancha	https://contrataciondelestado.es/wps/poc?uri=deeplink:detalle_licitacion&idEvl=4n2SbZ8eHsAadbH3CysQuQ%3D%3D	22462000-Material de publicidad.	Abierto	Electrónica	NotFound	No hay financiación con fondos de la UE	2100-12-31	España - Castilla-La Mancha	No aplica	Ordinaria	Suministro de productos de merchandising para la promoción turística de Castilla-La Mancha.	esp_pliego_prescripciones_20250710_062429.pdf	España	2025-07-10	electronico, oferta, contrato, httpscontrataciondelestadoesfilesystemservlet, referencia, empresa, postal, direccion, criterio, espana (1.0)	N/S		
Suministro, implantación, mantenimiento y soporte de plataforma portafirmas y sede electrónica	035/25	"Suministros
Adquisición"	Publicada	150000.0	150000.0	2025-07-31	Dirección General del Instituto Nacional de Ciberseguridad de España, S.A. (INCIBE)	https://contrataciondelestado.es/wps/poc?uri=deeplink:detalle_licitacion&idEvl=TmdrwOojIy0ZDGvgaZEVxQ%3D%3D	48000000-Paquetes de software y sistemas de información., 72000000-Servicios TI: consultoría, desarrollo de software, Internet y apoyo.	Abierto simplificado	Electrónica	NotFound	Asociado al Plan de Recuperación, Transformación y Resiliencia	2100-12-31	España - León - León	No aplica	Ordinaria	Suministro, implantación, mantenimiento y soporte de plataforma portafirmas y sede electrónica 	esp_pliego_prescripciones_20250710_062433.pdf	España	2025-07-10	electronico, anexo, pliego, criterio, pcg, cantidad, ver, contrato, presentacion, apartado (1.0)	Tecnológica	software, ciberseguridad	seguro
El objeto del presente contrato consiste en la contratación de un servicio de organización y desarrollo de la V Feria Gastronómica de las Fiestas Patronales de Las Torres de Cotillas. Este servicio comprende todo lo relativo a la preparación, diseño, organización y ejecución del evento.	4340/2025	"Servicios
Servicios de esparcimiento, culturales y deportivos"	Publicada	33057.85	33057.85	2025-07-24	Alcaldía del Ayuntamiento de Las Torres de Cotillas	https://contrataciondelestado.es/wps/poc?uri=deeplink:detalle_licitacion&idEvl=6KuaEPJxMwXN3k3tjedSGw%3D%3D	79952000-Servicios de eventos.	Abierto simplificado	Electrónica	NotFound	No hay financiación con fondos de la UE	2100-12-31	España - Región de Murcia - Las Torres de Cotillas	No aplica	Ordinaria	"El objeto del presente contrato consiste en la contratación de un servicio de organización y desarrollo de la V Feria Gastronómica de las Fiestas Patronales de Las Torres de Cotillas.
Este servicio comprende todo lo relativo a la preparación, diseño, organización y ejecución del evento."	esp_pliego_prescripciones_20250710_062437.pdf	España	2025-07-10	cotilla, torre, electronico, contrato, servicio, direccion, plaza, adolfo, suarez, ejecucion (1.0)	N/S		
Projecte d'obres de substitució de la gespa artificial del camp de futbol 7	83/2025	Obras	Publicada	70246.89	84296.27	2025-07-29	Ajuntament de Lliçà de Vall	https://contrataciondelestado.es/wps/poc?uri=deeplink:detalle_licitacion&idEvl=ZSPKcHKdXj0S7pcxhTeWOg%3D%3D	39293400 Césped artificial., 45212290 Reparación y mantenimiento de instalaciones deportivas.	Abierto simplificado	Electrónica	NotFound	No hay financiación con fondos de la UE	2100-12-31	España - Barcelona	No aplica	Ordinaria	"Projecte d'obres de substitució de la
gespa artificial del camp de futbol 7"	esp_pliego_prescripciones_20250710_062503.pdf	España	2025-07-10	per, amb, contracte, dels, punt, artificial, lobra, com, gespa, larticle (1.0)	N/S		
Asistencia técnica a la dirección de las obras del proyecto de sustitución del puente Zubiete en Gordexola	URA/018A/2025	Servicios	NotFound	126361.25	-1.0	2100-12-31	Gobierno Vasco	https://www.contratacion.euskadi.eus/webkpe00-kpeperfi/es/contenidos/anuncio_contratacion/expgeura207488/es_doc/index.html	NotFound	NotFound	NotFound	NotFound	NotFound	2100-12-31	NotFound	NotFound	NotFound	Asistencia técnica a la dirección de las obras del proyecto de sustitución del puente Zubiete en Gordexola	NotFound	Euskadi	2025-07-10	Sin tema	No tecnológica		obras
Proyecto de sustitución del puente Zubiete en Gordexola	URA/004/2025	Obras	NotFound	1622172.89	-1.0	2100-12-31	Gobierno Vasco	https://www.contratacion.euskadi.eus/webkpe00-kpeperfi/es/contenidos/anuncio_contratacion/expgeura207081/es_doc/index.html	NotFound	NotFound	NotFound	NotFound	NotFound	2100-12-31	NotFound	NotFound	NotFound	Proyecto de sustitución del puente Zubiete en Gordexola	NotFound	Euskadi	2025-07-10	Sin tema	N/S		
Suministro de material para las estaciones hidrometeorológicas y de calidad, así como para las estaciones de la red de aguas subterráneas de la Agencia Vasca del Agua-URA	URA/0001SDA/2025	Suministros	NotFound	290.0	-1.0	2100-12-31	Gobierno Vasco	https://www.contratacion.euskadi.eus/webkpe00-kpeperfi/es/contenidos/anuncio_contratacion/expjaso577455/es_doc/index.html	NotFound	NotFound	NotFound	NotFound	NotFound	2100-12-31	NotFound	NotFound	NotFound	Suministro de material para las estaciones hidrometeorológicas y de calidad, así como para las estaciones de la red de aguas subterráneas de la Agencia Vasca del Agua-URA	NotFound	Euskadi	2025-07-10	Sin tema	N/S		
Contrato de suministro de equipamiento de uso didáctico para el nuevo centro de formación profesional ifp “instalaciones ismie Vallecas” de la Comunidad de Madrid.	NotFound	Suministros	NotFound	-1.0	-1.0	2100-12-31	NotFound	https://contratos-publicos.comunidad.madrid/contrato-publico/contrato-suministro-equipamiento-uso-didactico-nuevo-centro-formacion-profesional	NotFound	NotFound	NotFound	NotFound	NotFound	2100-12-31	NotFound	NotFound	NotFound	Suministro de equipamiento de uso didáctico para el nuevo centro de formación profesional ifp “instalaciones ismie Vallecas” de la Comunidad de Madrid.	NotFound	Comunidad de Madrid	2025-07-10	Sin tema	N/S		
Servicio de soporte y mantenimiento del software para la gestión, control y trazabilidad de material sanitario y de alto valor en el Hospital General Universitario Gregorio Marañon.	NotFound	Servicios	NotFound	-1.0	118153.2	2100-12-31	NotFound	https://contratos-publicos.comunidad.madrid/contrato-publico/servicio-soporte-mantenimiento-software-gestion-control-trazabilidad-material	NotFound	NotFound	NotFound	NotFound	NotFound	2100-12-31	NotFound	NotFound	NotFound	Servicio de soporte y mantenimiento del software para la gestión, control y trazabilidad de material sanitario y de alto valor en el Hospital General Universitario Gregorio Marañón.	NotFound	Comunidad de Madrid	2025-07-10	Sin tema	Tecnológica	software	
Suministro de licencia de uso en propiedad e implantación de sistemas de gestón clínica integral para el Servicio de Rehabilitación del Hospital Universitario de Getafe	NotFound	Suministros	NotFound	-1.0	-1.0	2100-12-31	NotFound	https://contratos-publicos.comunidad.madrid/contrato-publico/suministro-licencia-uso-propiedad-e-implantacion-sistemas-geston-clinica-integral	NotFound	NotFound	NotFound	NotFound	NotFound	2100-12-31	NotFound	NotFound	NotFound	Suministro de licencia de uso en propiedad e implantación de sistemas de gestón clínica integral para el Servicio de Rehabilitación del Hospital Universitario de Getafe	NotFound	Comunidad de Madrid	2025-07-10	Sin tema	N/S		
Planifica Madrid, Proyectos y Obras, M.P., S.A. ED-AS-0022-2025-O Obras de reubicación del centro de transformación, centro de seccionamiento, grupo generador y líneas interiores en la parcela B3, necesario para la ejecución del proyecto de rehabilitación y ampliación del Pabellón de Damas en c/ Doctor Castelo nº 44 C/V c/Doctor Esquerdo, en Madrid.	NotFound	Obras	NotFound	-1.0	369711.0	2100-12-31	NotFound	https://contratos-publicos.comunidad.madrid/contrato-publico/planifica-madrid-proyectos-obras-mp-sa-ed-as-0022-2025-o-obras-reubicacion-centro	NotFound	NotFound	NotFound	NotFound	NotFound	2100-12-31	NotFound	NotFound	NotFound	a. Tipo: Obras b. Descripción: Obras de reubicación del centro de transformación, centro de seccionamiento, grupo generador y líneas interiores en la parcela B3, necesario para la ejecución del proyecto de rehabilitación y ampliación del Pabellón de Damas. c. Situación: Calle Doctor Castelo nº 44 C/V Calle Doctor Doctor Esquerdo, en Madrid. d. División por lotes: No. e. Plazo de ejecución del contrato: Seis (6) meses computados desde el día siguiente a la firma del acta de inicio de ejecución de las obras. f. Prórrogas. No.	NotFound	Comunidad de Madrid	2025-07-10	Sin tema	No tecnológica		obras
Suministro de un congelador biológico para el Centro de Transfusión de la Comunidad de Madrid	NotFound	Suministros	NotFound	-1.0	18200.0	2100-12-31	NotFound	https://contratos-publicos.comunidad.madrid/contrato-publico/suministro-congelador-biologico-centro-transfusion-comunidad-madrid	NotFound	NotFound	NotFound	NotFound	NotFound	2100-12-31	NotFound	NotFound	NotFound	Suministro de un congelador biológico para el Centro de Transfusión de la Comunidad de Madrid	NotFound	Comunidad de Madrid	2025-07-10	Sin tema	N/S		
Servicios de montaje y desmontaje de la exposición Juan Pérez Agirregoikoa: guerra, comercio y filantropía en el Museo Centro De Arte Dos De Mayo (MCA2M)	NotFound	Servicios	NotFound	-1.0	66681.58	2100-12-31	NotFound	https://contratos-publicos.comunidad.madrid/contrato-publico/servicios-montaje-desmontaje-exposicion-juan-perez-agirregoikoa-guerra-comercio	NotFound	NotFound	NotFound	NotFound	NotFound	2100-12-31	NotFound	NotFound	NotFound	Servicios necesarios para la adecuada ejecución de la exposición “Juan Pérez Agirregoikoa: guerra, comercio y filantropía”	NotFound	Comunidad de Madrid	2025-07-10	Sin tema	N/S		
Servicio de retribución flexible de la Fundación de la Energía de la Comunidad de Madrid	NotFound	Servicios	NotFound	-1.0	30885.12	2100-12-31	NotFound	https://contratos-publicos.comunidad.madrid/contrato-publico/servicio-retribucion-flexible-fundacion-energia-comunidad-madrid	NotFound	NotFound	NotFound	NotFound	NotFound	2100-12-31	NotFound	NotFound	NotFound	servicio de retribución flexible de su plantilla. El servicio a prestar incluye la implementación para los trabajadores de la Fundación con el fin de ofrecerles una alternativa voluntaria que les permita optimizar su salario neto mediante la adquisición de determinados productos o servicios exentos total o parcialmente de tributación, conforme a la normativa vigente	NotFound	Comunidad de Madrid	2025-07-10	Sin tema	N/S		
Suministro de suscripción de licencias de la familia de Software Creative Adobe	NotFound	Suministros	NotFound	-1.0	50246.46	2100-12-31	NotFound	https://contratos-publicos.comunidad.madrid/contrato-publico/suministro-suscripcion-licencias-familia-software-creative-adobe	NotFound	NotFound	NotFound	NotFound	NotFound	2100-12-31	NotFound	NotFound	NotFound	Suministro de suscripción de licencias de la familia de Software Creative Adobe	NotFound	Comunidad de Madrid	2025-07-10	Sin tema	Tecnológica	software	
Servicios docentes sobre competencias clínicas en un entorno virtual de aprendizaje (plataforma online) para los profesionales de la Gerencia Asistencial de Atención Primaria del Servicio Madrileño de Salud	NotFound	Servicios	NotFound	-1.0	49555.0	2100-12-31	NotFound	https://contratos-publicos.comunidad.madrid/contrato-publico/servicios-docentes-competencias-clinicas-entorno-virtual-aprendizaje-plataforma	NotFound	NotFound	NotFound	NotFound	NotFound	2100-12-31	NotFound	NotFound	NotFound	Servicios docentes sobre competencias clínicas en un entorno virtual de aprendizaje (plataforma online) para los profesionales de la Gerencia Asistencial de Atención Primaria del Servicio Madrileño de Salud	NotFound	Comunidad de Madrid	2025-07-10	Sin tema	N/S		
Servicio de soporte técnico para Gestión de Centros y Sistemas de Seguridad de Metro de Madrid	NotFound	Servicios	NotFound	-1.0	300000.0	2100-12-31	NotFound	https://contratos-publicos.comunidad.madrid/contrato-publico/servicio-soporte-tecnico-gestion-centros-sistemas-seguridad-metro-madrid	NotFound	NotFound	NotFound	NotFound	NotFound	2100-12-31	NotFound	NotFound	NotFound	Servicio de soporte técnico para Gestión de Centros y Sistemas de Seguridad de Metro de Madrid	NotFound	Comunidad de Madrid	2025-07-10	Sin tema	N/S		
Suministro de productos para lavado y desinfección de endoscopios para el Hospital Universitario de Getafe	NotFound	Suministros	NotFound	-1.0	-1.0	2100-12-31	NotFound	https://contratos-publicos.comunidad.madrid/contrato-publico/suministro-productos-lavado-desinfeccion-endoscopios-hospital-universitario-0	NotFound	NotFound	NotFound	NotFound	NotFound	2100-12-31	NotFound	NotFound	NotFound	Suministro de productos para lavado y desinfección de endoscopios para el Hospital Universitario de Getafe	NotFound	Comunidad de Madrid	2025-07-10	Sin tema	N/S		
Servicios de mantenimiento integral de las sedes centrales de la Consejería de Cultura, Turismo y Deporte	NotFound	Servicios	NotFound	-1.0	216209.42	2100-12-31	NotFound	https://contratos-publicos.comunidad.madrid/contrato-publico/servicios-mantenimiento-integral-sedes-centrales-consejeria-cultura-turismo	NotFound	NotFound	NotFound	NotFound	NotFound	2100-12-31	NotFound	NotFound	NotFound	Prestación del servicio consistente en la conservación, el mantenimiento y la reparación de varias sedes administrativas de la Consejería de Cultura, Turismo y Deporte de la Comunidad de Madrid.	NotFound	Comunidad de Madrid	2025-07-10	Sin tema	N/S		
Contrato mixto de suministro e instalación de estores y persianas en los centros dependientes de la Gerencia Asistencial de Atención Primaria del Servicio Madrileño de Salud	NotFound	Suministros	NotFound	-1.0	142901.0	2100-12-31	NotFound	https://contratos-publicos.comunidad.madrid/contrato-publico/contrato-mixto-suministro-e-instalacion-estores-persianas-centros-dependientes	NotFound	NotFound	NotFound	NotFound	NotFound	2100-12-31	NotFound	NotFound	NotFound	Contrato mixto de suministro e instalación de estores y persianas en los centros dependientes de la Gerencia Asistencial de Atención Primaria del Servicio Madrileño de Salud	NotFound	Comunidad de Madrid	2025-07-10	Sin tema	N/S		
P.A.S. 2025-5-37. Suministro de dispositivos de cierre septales.	NotFound	Suministros	NotFound	-1.0	111960.0	2100-12-31	NotFound	https://contratos-publicos.comunidad.madrid/contrato-publico/pas-2025-5-37-suministro-dispositivos-cierre-septales	NotFound	NotFound	NotFound	NotFound	NotFound	2100-12-31	NotFound	NotFound	NotFound	Suministro de dispositivos de cierre septales.	NotFound	Comunidad de Madrid	2025-07-10	Sin tema	N/S		
Gestión y explotación del servicio de cafetería de los Teatros del Canal	NotFound	Concesión de servicios	NotFound	-1.0	5420399.63	2100-12-31	NotFound	https://contratos-publicos.comunidad.madrid/contrato-publico/gestion-explotacion-servicio-cafeteria-teatros-canal-0	NotFound	NotFound	NotFound	NotFound	NotFound	2100-12-31	NotFound	NotFound	NotFound	Gestión y explotación del servicio de cafetería, mediante concesión de servicios, en el local ubicado a tal efecto en los Teatros del Canal	NotFound	Comunidad de Madrid	2025-07-10	Sin tema	N/S		
Contrato de suministro de material fungible para investigación en perfusión hepática ex vivo, para la Fundación para la Investigación Biomédica del Hospital Universitario la paz, a adjudicar por procedimiento abierto mediante pluralidad de criterios. Expediente PA 02-2025. El proyecto PI23/00364 objeto de este contrato ha sido financiado por el ISCIII y cofinanciado por la Unión Europea.	NotFound	Suministros	NotFound	-1.0	117648.0	2100-12-31	NotFound	https://contratos-publicos.comunidad.madrid/contrato-publico/contrato-suministro-material-fungible-investigacion-perfusion-hepatica-ex-vivo	NotFound	NotFound	NotFound	NotFound	NotFound	2100-12-31	NotFound	NotFound	NotFound	El objeto del presente contrato es el suministro de material fungible específico para el sistema de perfusión hepática ex vivo “ Liver Assist ” para la ejecución del proyecto de investigación titulado “Reproducción de la homeostasis y de los estímulos metabólicos durante la perfusión normotérmica prolongada en el hígado aislado”, a desarrollar en el Instituto de Investigación Hospital Universitario La Paz (IdiPAZ).	NotFound	Comunidad de Madrid	2025-07-10	Sin tema	N/S		
Diseño y decoración floral para eventos organizados por la Consejería de Presidencia, Justicia y Administración Local	NotFound	Servicios	NotFound	-1.0	125000.0	2100-12-31	NotFound	https://contratos-publicos.comunidad.madrid/contrato-publico/diseno-decoracion-floral-eventos-organizados-consejeria-presidencia-justicia	NotFound	NotFound	NotFound	NotFound	NotFound	2100-12-31	NotFound	NotFound	NotFound	Diseño y decoración floral para eventos organizados por la Consejería de Presidencia, Justicia y Administración Local	NotFound	Comunidad de Madrid	2025-07-10	Sin tema	No tecnológica		eventos
Suministro de Equipos auxiliares de formación con destino a los centros docentes dependientes de la gerencia asistencial de Atención primaria	NotFound	Suministros	NotFound	-1.0	26555.0	2100-12-31	NotFound	https://contratos-publicos.comunidad.madrid/contrato-publico/suministro-equipos-auxiliares-formacion-destino-centros-docentes-dependientes	NotFound	NotFound	NotFound	NotFound	NotFound	2100-12-31	NotFound	NotFound	NotFound	Suministro de Equipos auxiliares de formación con destino a los centros docentes dependientes de la gerencia asistencial de Atención primaria	NotFound	Comunidad de Madrid	2025-07-10	Sin tema	N/S		
Actualización de la información contenida en Nomecalles y georreferenciación de las unidades empresariales 2026 y 2027	NotFound	Servicios	NotFound	-1.0	70419.14	2100-12-31	NotFound	https://contratos-publicos.comunidad.madrid/contrato-publico/actualizacion-informacion-contenida-nomecalles-georreferenciacion-unidades-3	NotFound	NotFound	NotFound	NotFound	NotFound	2100-12-31	NotFound	NotFound	NotFound	Actualización de la información contenida en Nomecalles, Base de Datos Territorial (BDT) y georreferenciación de las unidades empresariales 2026 y 2027 con el contenido y alcance establecido en el Pliego de Prescripciones Técnicas Particulares.	NotFound	Comunidad de Madrid	2025-07-10	Sin tema	Tecnológica	datos	
Aprovechamiento plurianual de madera 2025-2026 en el mup nº 154 “Perímetro de Gascones”, del término municipal de Gascones	NotFound	Patrimonial	NotFound	-1.0	112531.6	2100-12-31	NotFound	https://contratos-publicos.comunidad.madrid/contrato-publico/aprovechamiento-plurianual-madera-2025-2026-mup-no-154-perimetro-gascones-termino	NotFound	NotFound	NotFound	NotFound	NotFound	2100-12-31	NotFound	NotFound	NotFound	Autorización demanial para la ejecución del aprovechamiento Aprovechamiento plurianual de madera 2025-2026 en el Monte de Utilidad Pública nº 154 del Catálogo, denominado “Perímetro de Gascones”, sito en el término municipal de Gascones	NotFound	Comunidad de Madrid	2025-07-10	Sin tema	N/S		
Contrato de servicios de conserjeria de la sede del instituto IMDEA Nanocinecia	NotFound	Servicios	NotFound	-1.0	99000.0	2100-12-31	NotFound	https://contratos-publicos.comunidad.madrid/contrato-publico/contrato-servicios-conserjeria-sede-instituto-imdea-nanocinecia	NotFound	NotFound	NotFound	NotFound	NotFound	2100-12-31	NotFound	NotFound	NotFound	Este contrato tiene por objeto la prestación de los servicios de CONSERJERÍA de las instalaciones del edificio de la Fundación IMDEA Nanociencia en Madrid.	NotFound	Comunidad de Madrid	2025-07-10	Sin tema	N/S		
Suministro de repuestos para los sistemas de detección de incendios por aspiración de humos instalados en Metro de Madrid	NotFound	Suministros	NotFound	-1.0	420600.0	2100-12-31	NotFound	https://contratos-publicos.comunidad.madrid/contrato-publico/suministro-repuestos-sistemas-deteccion-incendios-aspiracion-humos-instalados	NotFound	NotFound	NotFound	NotFound	NotFound	2100-12-31	NotFound	NotFound	NotFound	Suministro de repuestos para los sistemas de detección de incendios por aspiración de humos instalados en Metro de Madrid	NotFound	Comunidad de Madrid	2025-07-10	Sin tema	N/S		
Adquisición e instalación de un equipo nuevo de alta producción a presión con versatilidad en procesos de cocinado para el HOSPITAL UNIVERSITARIO de FUENLABRADA	NotFound	Suministros	NotFound	-1.0	34950.0	2100-12-31	NotFound	https://contratos-publicos.comunidad.madrid/contrato-publico/adquisicion-e-instalacion-equipo-nuevo-alta-produccion-presion-versatilidad	NotFound	NotFound	NotFound	NotFound	NotFound	2100-12-31	NotFound	NotFound	NotFound	Adquisición e instalación de un equipo nuevo de alta producción a presión con versatilidad en procesos de cocinado para el HOSPITAL UNIVERSITARIO de FUENLABRADA	NotFound	Comunidad de Madrid	2025-07-10	Sin tema	N/S		
Servicio de reparación de bastidores de bogie 2000, 6000 y 8000-1º	NotFound	Servicios	NotFound	-1.0	330000.0	2100-12-31	NotFound	https://contratos-publicos.comunidad.madrid/contrato-publico/servicio-reparacion-bastidores-bogie-2000-6000-8000-1o	NotFound	NotFound	NotFound	NotFound	NotFound	2100-12-31	NotFound	NotFound	NotFound	Servicio de reparación de bastidores de bogie 2000, 6000 y 8000-1º	NotFound	Comunidad de Madrid	2025-07-10	Sin tema	N/S		
Contratación de un servicio de determinación de concentración de residuos de antibióticos en leche materna y en sangre de recién nacidos prematuros en el marco del proyecto de investigación PI 24/00400 “Comparación de la concentración de residuos de antibióticos en la leche humana de madres con un recién nacido prematuro de muy bajo peso al nacer versus la concentración en leche donada”, financiado por el Instituto de Salud Carlos III (ISCIII) y cofinanciado por la Unión Europea para la Fundación para la Investigación Biomédica del Hospital Universitario 12 de Octubre. FIB 2025/020	NotFound	Servicios	NotFound	-1.0	48000.0	2100-12-31	NotFound	https://contratos-publicos.comunidad.madrid/contrato-publico/contratacion-servicio-determinacion-concentracion-residuos-antibioticos-leche	NotFound	NotFound	NotFound	NotFound	NotFound	2100-12-31	NotFound	NotFound	NotFound	Contratación de un servicio de determinación de concentración de residuos de antibióticos en leche materna y en sangre de recién nacidos prematuros en el marco del proyecto de investigación PI 24/00400 “Comparación de la concentración de residuos de antibióticos en la leche humana de madres con un recién nacido prematuro de muy bajo peso al nacer versus la concentración en leche donada”, financiado por el Instituto de Salud Carlos III (ISCIII) y cofinanciado por la Unión Europea.	NotFound	Comunidad de Madrid	2025-07-10	Sin tema	N/S		
Suministro y montaje de un sistema de preparación automática de muestras y extracción en fase sólida	NotFound	Suministros	NotFound	-1.0	63611.45	2100-12-31	NotFound	https://contratos-publicos.comunidad.madrid/contrato-publico/suministro-montaje-sistema-preparacion-automatica-muestras-extraccion-fase-solida	NotFound	NotFound	NotFound	NotFound	NotFound	2100-12-31	NotFound	NotFound	NotFound	Suministro y montaje a adjudicar por procedimiento abierto simplificado con pluralidad de criterios de un sistema de preparación automática de muestras y extracción en fase sólida , cuyas características se especifican en el pliego de prescripciones técnicas particulares. Durante los 2 años de garantía mínima se incluirán los mantenimientos preventivos anuales y las actuaciones correctivas que fueran necesarias incluyendo material/piezas, transporte, mano de obra, desplazamiento y dietas.	NotFound	Comunidad de Madrid	2025-07-10	Sin tema	N/S		
Suministro y montaje de un equipo de cromatografía líquida (HPLC) acoplado a un espectrómetro de masas alta resolución con analizador de tiempo de vuelo con cuadrupolo (QTOF)	NotFound	Suministros	NotFound	-1.0	420800.0	2100-12-31	NotFound	https://contratos-publicos.comunidad.madrid/contrato-publico/suministro-montaje-equipo-cromatografia-liquida-hplc-acoplado-espectrometro-masas	NotFound	NotFound	NotFound	NotFound	NotFound	2100-12-31	NotFound	NotFound	NotFound	Suministro y montaje de un equipo de cromatografía liquida (HPLC) acoplado a un espectrómetro de masas alta resolución con analizador de tiempo de vuelo con cuadrupolo (QTOF), cuyas características se especifican en el pliego de prescripciones técnicas particulares. Durante los 2 años de garantía mínima se incluirán los mantenimientos preventivos anuales y las actuaciones correctivas que fueran necesarias incluyendo material/piezas, transporte, mano de obra, desplazamiento y dietas. El equipo deberá ser revisado por el servicio técnico antes de la finalización del periodo total de garantía.	NotFound	Comunidad de Madrid	2025-07-10	Sin tema	N/S		
Servicio de organización de sesiones divulgativas básicas sobre reanimación cardiopulmonar y uso de desfibrilador, para personal de Metro de Madrid	NotFound	Servicios	NotFound	-1.0	33120.0	2100-12-31	NotFound	https://contratos-publicos.comunidad.madrid/contrato-publico/servicio-organizacion-sesiones-divulgativas-basicas-reanimacion-cardiopulmonar-uso	NotFound	NotFound	NotFound	NotFound	NotFound	2100-12-31	NotFound	NotFound	NotFound	Servicio de organización de sesiones divulgativas básicas sobre reanimación cardiopulmonar y uso de desfibrilador, para personal de Metro de Madrid	NotFound	Comunidad de Madrid	2025-07-10	Sin tema	N/S		
Arrendamiento de un vehículo para el transporte de mercancías y personas para prestar servicio en la Secretaria General del Servicio Madrileño de Salud	NotFound	Suministros	NotFound	-1.0	57600.0	2100-12-31	NotFound	https://contratos-publicos.comunidad.madrid/contrato-publico/arrendamiento-vehiculo-transporte-mercancias-personas-prestar-servicio-secretaria	NotFound	NotFound	NotFound	NotFound	NotFound	2100-12-31	NotFound	NotFound	NotFound	El arrendamiento de un vehículo para el transporte de mercancías y personas, en perfectas condiciones técnicas y administrativas para su circulación durante la vigencia del contrato, incluido el mantenimiento de los mismos, con destino a los Servicios centrales del Servicio Madrileño de Salud, cuyas características se especifican en el pliego de prescripciones técnicas particulares	NotFound	Comunidad de Madrid	2025-07-10	Sin tema	N/S		
Obras de ejecución del Proyecto de Rehabilitación Energética del Centro de Salud Mental de Retiro, perteneciente al complejo hospitalario del Hospital General Universitario Gregorio Marañón, enmarcado en los objetivos del Programa de Impulso a la Rehabilitación de Edificios Públicos (PIREP)	NotFound	Obras	NotFound	-1.0	734827.24	2100-12-31	NotFound	https://contratos-publicos.comunidad.madrid/contrato-publico/obras-ejecucion-proyecto-rehabilitacion-energetica-centro-salud-mental-retiro	NotFound	NotFound	NotFound	NotFound	NotFound	2100-12-31	NotFound	NotFound	NotFound	Obras de ejecución del Proyecto de Rehabilitación Energética del Centro de Salud Mental de Retiro, perteneciente al complejo hospitalario del Hospital General Universitario Gregorio Marañón, enmarcado en los objetivos del Programa de Impulso a la Rehabilitación de Edificios Públicos (PIREP)	NotFound	Comunidad de Madrid	2025-07-10	Sin tema	No tecnológica		obras
